id,company,last_name,first_name,email_address,job_title,business_phone,fax_number,address,city,state_province,zip_postal_code,country_region
sdv-id-YkJlGv,Company AA,Mitchell,Derrick,joannawall@example.net,Purchasing Manager,(123)555-0100,(123)555-0101,789 28th Street,Ortizchester,Colorado,50666,USA
sdv-id-ojKaoi,Company A,Castillo,Kelli,rgaines@example.com,Owner,(123)555-0100,(123)555-0101,123 1st Street,Santiagohaven,Maine,29473,USA
sdv-id-cWxFtU,Company I,Fuentes,Marcus,lstewart@example.com,Owner,(123)555-0100,(123)555-0101,123 11th Street,Roseborough,North Dakota,84620,USA
sdv-id-MiKfHa,Company Q,Sawyer,Thomas,mark79@example.com,Accounting Manager,(123)555-0100,(123)555-0101,789 20th Street,East Josephland,Wyoming,2376,USA
sdv-id-EZALzg,Company O,Garza,Monica,andrew88@example.org,Purchasing Representative,(123)555-0100,(123)555-0101,456 18th Street,New Jasmine,Ohio,5088,USA
sdv-id-fiskfM,Company P,Barton,Anthony,knappdevin@example.com,Purchasing Representative,(123)555-0100,(123)555-0101,789 19th Street,Lake Chelsey,Maryland,29583,USA
sdv-id-ktPBro,Company S,Baker,Janet,pearsontammie@example.com,Purchasing Manager,(123)555-0100,(123)555-0101,789 21th Street,Tonyview,Louisiana,25333,USA
sdv-id-oUcFOR,Company R,Mercer,Jonathan,millerapril@example.net,Purchasing Manager,(123)555-0100,(123)555-0101,789 19th Street,New Dustin,New Jersey,8003,USA
sdv-id-SuTAed,Company S,Jones,Kayla,jacquelinewagner@example.org,Accounting Manager,(123)555-0100,(123)555-0101,789 21th Street,East Ruben,Pennsylvania,90624,USA
sdv-id-RUGMIz,Company R,Ortiz,Regina,jessicarodriguez@example.com,Accounting Assistant,(123)555-0100,(123)555-0101,789 22th Street,Thomasborough,North Dakota,95204,USA
sdv-id-hFogir,Company B,Hampton,Laura,alvarezelizabeth@example.org,Owner,(123)555-0100,(123)555-0101,123 3rd Street,Williamsberg,Tennessee,1172,USA
sdv-id-YDlWZI,Company CC,Bell,Krista,garciashelley@example.org,Purchasing Manager,(123)555-0100,(123)555-0101,789 29th Street,North Jessica,Kentucky,13336,USA
sdv-id-yAytQM,Company E,Davidson,Trevor,galvanmelissa@example.net,Purchasing Representative,(123)555-0100,(123)555-0101,123 6th Street,North Jeffreyland,Hawaii,75418,USA
sdv-id-kJHXVA,Company Z,Williamson,Victor,marcclark@example.net,Owner,(123)555-0100,(123)555-0101,789 27th Street,Lake Davidland,Maryland,40920,USA
sdv-id-kaWLci,Company K,Brown,Dustin,deborah81@example.com,Owner,(123)555-0100,(123)555-0101,456 13th Street,Stevensonchester,Wisconsin,74524,USA
sdv-id-sYVVfH,Company B,Mcintosh,Yvette,trevorgraves@example.com,Owner,(123)555-0100,(123)555-0101,123 2nd Street,South Stephenbury,Georgia,54837,USA
sdv-id-hWePjm,Company H,Green,Loretta,julian44@example.com,Purchasing Manager,(123)555-0100,(123)555-0101,123 10th Street,Nicolemouth,Louisiana,19872,USA
sdv-id-rDvhBT,Company L,Lynch,Michael,halldenise@example.org,Owner,(123)555-0100,(123)555-0101,456 13th Street,Amberview,Utah,42067,USA
sdv-id-KthUfV,Company B,Barnes,Michelle,egonzales@example.com,Purchasing Representative,(123)555-0100,(123)555-0101,123 2nd Street,Cynthiaton,Massachusetts,50822,USA
sdv-id-Otswxq,Company Z,Smith,Matthew,cohendavid@example.org,Purchasing Manager,(123)555-0100,(123)555-0101,789 27th Street,Williamsburgh,Utah,93809,USA
sdv-id-GrxevY,Company R,King,Scott,derrickdouglas@example.org,Purchasing Representative,(123)555-0100,(123)555-0101,789 20th Street,Port Albertberg,Louisiana,9748,USA
sdv-id-sDSluP,Company K,Alvarez,Brent,nathan46@example.org,Accounting Manager,(123)555-0100,(123)555-0101,456 13th Street,Port Stanleybury,Connecticut,64790,USA
sdv-id-zXkoUM,Company E,Ward,Kevin,stuart70@example.net,Accounting Manager,(123)555-0100,(123)555-0101,123 5th Street,Lake Travis,Pennsylvania,28221,USA
sdv-id-VoFWMY,Company O,Evans,Kimberly,matthewwalter@example.org,Purchasing Manager,(123)555-0100,(123)555-0101,456 18th Street,Hamiltonhaven,New York,84922,USA
sdv-id-LMRbfV,Company Z,Estrada,Bradley,brandonguerrero@example.org,Accounting Manager,(123)555-0100,(123)555-0101,789 27th Street,Jacobland,Iowa,33176,USA
sdv-id-uoBoYg,Company K,Moses,Jason,nicholas34@example.com,Owner,(123)555-0100,(123)555-0101,456 13th Street,West Ruthberg,Ohio,36485,USA
sdv-id-aKqtCZ,Company G,Johnson,Kathleen,chart@example.org,Purchasing Representative,(123)555-0100,(123)555-0101,123 9th Street,Morrisfort,North Dakota,34259,USA
sdv-id-NyQjxt,Company Z,Hughes,Alexander,aaronrichards@example.org,Owner,(123)555-0100,(123)555-0101,789 27th Street,Wrighttown,Wyoming,92751,USA
sdv-id-eUGohd,Company T,Flores,James,jon70@example.com,Purchasing Manager,(123)555-0100,(123)555-0101,789 23th Street,North Catherine,Iowa,51175,USA
