id,company,last_name,first_name,email_address,job_title,city,state_province,zip_postal_code
sdv-id-YkJlGv,Supplier G,Long,Madison,joannawall@example.net,Sales Manager,Margaretland,Idaho,45310
sdv-id-ojKaoi,Supplier B,Willis,Daniel,rgaines@example.com,Marketing Assistant,Selenamouth,Maine,1546
sdv-id-cWxFtU,Supplier A,Rivera,Jennifer,lstewart@example.com,Marketing Assistant,South Rachel,North Carolina,28761
sdv-id-MiKfHa,Supplier I,Nunez,Daryl,mark79@example.com,Sales Manager,East Shawna,Alabama,56824
sdv-id-EZALzg,Supplier D,Marquez,Brittany,andrew88@example.org,Marketing Manager,Foxfurt,Kentucky,41164
sdv-id-fiskfM,Supplier D,Anderson,Billy,knappdevin@example.com,Marketing Assistant,Walterberg,Idaho,3176
sdv-id-ktPBro,Supplier G,Pratt,Olivia,pearsontammie@example.com,Marketing Assistant,Port Andrew,West Virginia,16916
sdv-id-oUcFOR,Supplier I,Underwood,Matthew,millerapril@example.net,Sales Manager,Austinland,Delaware,71339
sdv-id-SuTAed,Supplier H,Lopez,Felicia,jacquelinewagner@example.org,Sales Manager,Ronaldfort,Connecticut,95807
sdv-id-RUGMIz,Supplier I,Cohen,Gina,jessicarodriguez@example.com,Marketing Manager,Danielville,Wisconsin,7310
